,品名,品牌,種類,價格,圖片
0,家樂福抽取式衛生紙-FSC-110PCx24包,家樂福,抽取,$269,https://online.carrefour.com.tw/dw/image/v2/BFHC_PRD/on/demandware.static/-/Sites-carrefour-tw-m-inner/default/dwdd74c1e9/images/large/0260014_-fsc-110x24.png?sw=300&bgcolor=FFFFFF
1,唯潔雅抽取式衛生紙100PCx24,唯潔雅,抽取,$208,https://online.carrefour.com.tw/dw/image/v2/BFHC_PRD/on/demandware.static/-/Sites-carrefour-tw-m-inner/default/dwede0c52c/images/large/0275779.jpeg?sw=300&bgcolor=FFFFFF
2,倍潔雅無漂白PEFC衛生紙-100PC,倍潔雅,,$142,https://online.carrefour.com.tw/dw/image/v2/BFHC_PRD/on/demandware.static/-/Sites-carrefour-tw-m-inner/default/dw8c24e787/images/large/0230125_efc.png?sw=300&bgcolor=FFFFFF
3,五月花清膚柔潤抽取衛生紙-100PC,五月花,抽取,$867,https://online.carrefour.com.tw/dw/image/v2/BFHC_PRD/on/demandware.static/-/Sites-carrefour-tw-m-inner/default/dwc5d8e5e5/images/large/0239094.jpeg?sw=300&bgcolor=FFFFFF
4,五月花清膚柔潤抽取衛生紙-100PC,五月花,抽取,$289,https://online.carrefour.com.tw/dw/image/v2/BFHC_PRD/on/demandware.static/-/Sites-carrefour-tw-m-inner/default/dwcaa53813/images/large/0239093.jpeg?sw=300&bgcolor=FFFFFF
5,情人平版衛生紙-300PC,情人,平版,$99,https://online.carrefour.com.tw/dw/image/v2/BFHC_PRD/on/demandware.static/-/Sites-carrefour-tw-m-inner/default/dw41e5582c/images/large/0213879.jpeg?sw=300&bgcolor=FFFFFF
6,【抽取】百吉抽取衛生紙,百吉,抽取,$169,https://online.carrefour.com.tw/dw/image/v2/BFHC_PRD/on/demandware.static/-/Sites-carrefour-tw-m-inner/default/dw028cbdce/images/large/0007270.jpeg?sw=300&bgcolor=FFFFFF
7,情人平版衛生紙-300PC,情人,平版,$594,https://online.carrefour.com.tw/dw/image/v2/BFHC_PRD/on/demandware.static/-/Sites-carrefour-tw-m-inner/default/dwf3e9fa05/images/large/0213880.jpeg?sw=300&bgcolor=FFFFFF
8,雪柔抽取衛生紙-100PC,雪柔,抽取,$119,https://online.carrefour.com.tw/dw/image/v2/BFHC_PRD/on/demandware.static/-/Sites-carrefour-tw-m-inner/default/dw2f3a52c6/images/large/0095482.jpeg?sw=300&bgcolor=FFFFFF
9,百吉抽取衛生紙-130PC,百吉,抽取,"$1,014",https://online.carrefour.com.tw/dw/image/v2/BFHC_PRD/on/demandware.static/-/Sites-carrefour-tw-m-inner/default/dw268871fc/images/large/0060216.jpeg?sw=300&bgcolor=FFFFFF
10,【捲筒式】春風捲筒衛生紙-12 Roll捲,春風,捲筒,$792,https://online.carrefour.com.tw/dw/image/v2/BFHC_PRD/on/demandware.static/-/Sites-carrefour-tw-m-inner/default/dw06cb25f5/images/large/0118700.jpeg?sw=300&bgcolor=FFFFFF
11,舒潔濕式衛生紙-40PC,舒潔,濕式,$132,https://online.carrefour.com.tw/dw/image/v2/BFHC_PRD/on/demandware.static/-/Sites-carrefour-tw-m-inner/default/dwf7c75333/images/large/0113690.jpeg?sw=300&bgcolor=FFFFFF
12,舒潔濕式衛生紙-40PCx36,舒潔,濕式,"$1,510",https://online.carrefour.com.tw/dw/image/v2/BFHC_PRD/on/demandware.static/-/Sites-carrefour-tw-m-inner/default/dwe170a0f2/images/large/0113689.jpeg?sw=300&bgcolor=FFFFFF
13,春風捲筒衛生紙,春風,捲筒,$115,https://online.carrefour.com.tw/dw/image/v2/BFHC_PRD/on/demandware.static/-/Sites-carrefour-tw-m-inner/default/dwdc0f9d1b/images/large/0007294.jpeg?sw=300&bgcolor=FFFFFF
14,春風濕拭衛生紙40PCx3,春風,,$142,https://online.carrefour.com.tw/dw/image/v2/BFHC_PRD/on/demandware.static/-/Sites-carrefour-tw-m-inner/default/dw3d8a4590/images/large/0263872.jpeg?sw=300&bgcolor=FFFFFF
15,春風平版衛生紙-300PC,春風,平版,$114,https://online.carrefour.com.tw/dw/image/v2/BFHC_PRD/on/demandware.static/-/Sites-carrefour-tw-m-inner/default/dweb1a2c17/images/large/0099563.jpeg?sw=300&bgcolor=FFFFFF
16,【抽取】可麗舒抽取衛生紙,可麗舒,抽取,$714,https://online.carrefour.com.tw/dw/image/v2/BFHC_PRD/on/demandware.static/-/Sites-carrefour-tw-m-inner/default/dw42c03bf0/images/large/0060215.jpeg?sw=300&bgcolor=FFFFFF
17,【抽取】可麗舒抽取衛生紙,可麗舒,抽取,$119,https://online.carrefour.com.tw/dw/image/v2/BFHC_PRD/on/demandware.static/-/Sites-carrefour-tw-m-inner/default/dw7f97fdf6/images/large/0016982.jpeg?sw=300&bgcolor=FFFFFF
18,舒潔平版式衛生紙-300PC,舒潔,平版,$129,https://online.carrefour.com.tw/dw/image/v2/BFHC_PRD/on/demandware.static/-/Sites-carrefour-tw-m-inner/default/dwcb0d5325/images/large/0115599.jpeg?sw=300&bgcolor=FFFFFF
19,優活抽取式衛生紙 100抽,優活,抽取,$189,https://online.carrefour.com.tw/dw/image/v2/BFHC_PRD/on/demandware.static/-/Sites-carrefour-tw-m-inner/default/dw1661619a/images/large/0225484.jpeg?sw=300&bgcolor=FFFFFF
20,柔情抽取式衛生紙-100PC,柔情,抽取,$115,https://online.carrefour.com.tw/dw/image/v2/BFHC_PRD/on/demandware.static/-/Sites-carrefour-tw-m-inner/default/dwcfb0fdfb/images/large/0239237.jpeg?sw=300&bgcolor=FFFFFF
21,舒適抽取式衛生紙-110PC,舒適,抽取,$717,https://online.carrefour.com.tw/dw/image/v2/BFHC_PRD/on/demandware.static/-/Sites-carrefour-tw-m-inner/default/dw1e9006f9/images/large/0036814.jpeg?sw=300&bgcolor=FFFFFF
22,舒潔平版式衛生紙300PCx6包x8袋,舒潔,平版,$992,https://online.carrefour.com.tw/dw/image/v2/BFHC_PRD/on/demandware.static/-/Sites-carrefour-tw-m-inner/default/dw03dd75c2/images/large/0115600.jpeg?sw=300&bgcolor=FFFFFF
23,舒適抽取式衛生紙(110抽),舒適,抽取,$239,https://online.carrefour.com.tw/dw/image/v2/BFHC_PRD/on/demandware.static/-/Sites-carrefour-tw-m-inner/default/dw2bd116d7/images/large/0004085.jpeg?sw=300&bgcolor=FFFFFF
24,家樂福抽取式衛生紙-PEFC,家樂福,抽取,$59,https://online.carrefour.com.tw/dw/image/v2/BFHC_PRD/on/demandware.static/-/Sites-carrefour-tw-m-inner/default/dw6ba5faf6/images/large/0273201_-efc.png?sw=300&bgcolor=FFFFFF
25,金舒適抽取式衛生紙,舒適,抽取,$179,https://online.carrefour.com.tw/dw/image/v2/BFHC_PRD/on/demandware.static/-/Sites-carrefour-tw-m-inner/default/dwa2f2359a/images/large/0210560.jpeg?sw=300&bgcolor=FFFFFF
26,倍潔雅抽取式衛生紙100PCx24,倍潔雅,抽取,$199,https://online.carrefour.com.tw/dw/image/v2/BFHC_PRD/on/demandware.static/-/Sites-carrefour-tw-m-inner/default/dw83c18ff3/images/large/1220110300124-1.png?sw=300&bgcolor=FFFFFF
27,春風濕拭衛生紙10PCx3包,春風,,$648,https://online.carrefour.com.tw/dw/image/v2/BFHC_PRD/on/demandware.static/-/Sites-carrefour-tw-m-inner/default/dw5243389b/images/large/0263864_10.jpeg?sw=300&bgcolor=FFFFFF
28,淨世代環保抽取衛生紙100PC,,抽取,$126,https://online.carrefour.com.tw/dw/image/v2/BFHC_PRD/on/demandware.static/-/Sites-carrefour-tw-m-inner/default/dwe9ef1b2c/images/large/0238398.jpeg?sw=300&bgcolor=FFFFFF
29,淨世代環保抽取衛生紙100PC,,抽取,$756,https://online.carrefour.com.tw/dw/image/v2/BFHC_PRD/on/demandware.static/-/Sites-carrefour-tw-m-inner/default/dw3159c4fd/images/large/0238397.jpeg?sw=300&bgcolor=FFFFFF
30,舒潔迪士尼抽取衛生紙100PC,舒潔,抽取,$168,https://online.carrefour.com.tw/dw/image/v2/BFHC_PRD/on/demandware.static/-/Sites-carrefour-tw-m-inner/default/dw0c058259/images/large/1220107900112.jpg?sw=300&bgcolor=FFFFFF
31,舒適三層抽取式衛生紙,舒適,抽取,$339,https://online.carrefour.com.tw/dw/image/v2/BFHC_PRD/on/demandware.static/-/Sites-carrefour-tw-m-inner/default/dw64646990/images/large/0202599.jpeg?sw=300&bgcolor=FFFFFF
32,春風Hello Kitty三層抽取式衛生紙90PCx20包x3袋,春風,抽取,"$1,062",https://online.carrefour.com.tw/dw/image/v2/BFHC_PRD/on/demandware.static/-/Sites-carrefour-tw-m-inner/default/dwa78a7d26/images/large/0259666_hello-kitty.jpeg?sw=300&bgcolor=FFFFFF
33,舒潔萬用輕巧包衛生紙,舒潔,,$198,https://online.carrefour.com.tw/dw/image/v2/BFHC_PRD/on/demandware.static/-/Sites-carrefour-tw-m-inner/default/dw4e467aab/images/large/0004113.jpeg?sw=300&bgcolor=FFFFFF
34,春風Hello Kitty三層抽取式衛生紙90PC,春風,抽取,$299,https://online.carrefour.com.tw/dw/image/v2/BFHC_PRD/on/demandware.static/-/Sites-carrefour-tw-m-inner/default/dwa81d7423/images/large/0259665_hello-kitty.jpeg?sw=300&bgcolor=FFFFFF
35,春風抽取式衛生紙優質經濟包-100PC,春風,抽取,$85,https://online.carrefour.com.tw/dw/image/v2/BFHC_PRD/on/demandware.static/-/Sites-carrefour-tw-m-inner/default/dwba11274c/images/large/0080629.jpeg?sw=300&bgcolor=FFFFFF
36,得意優質抽取式衛生紙100PCx24,得意,抽取,$216,https://online.carrefour.com.tw/dw/image/v2/BFHC_PRD/on/demandware.static/-/Sites-carrefour-tw-m-inner/default/dw63503b1d/images/large/1220103100124.jpg?sw=300&bgcolor=FFFFFF
37,柔情抽取式衛生紙-100PC,柔情,抽取,$225,https://online.carrefour.com.tw/dw/image/v2/BFHC_PRD/on/demandware.static/-/Sites-carrefour-tw-m-inner/default/dw753623c7/images/large/0239577_24.jpeg?sw=300&bgcolor=FFFFFF
38,可麗舒除臭抽取衛生紙-100PC,可麗舒,抽取,$119,https://online.carrefour.com.tw/dw/image/v2/BFHC_PRD/on/demandware.static/-/Sites-carrefour-tw-m-inner/default/dwb44a45bf/images/large/0004119.jpeg?sw=300&bgcolor=FFFFFF
39,可麗舒除臭抽取衛生紙-100PC,可麗舒,抽取,$672,https://online.carrefour.com.tw/dw/image/v2/BFHC_PRD/on/demandware.static/-/Sites-carrefour-tw-m-inner/default/dw6f3b60f4/images/large/0060217.jpeg?sw=300&bgcolor=FFFFFF
40,舒潔女性專用濕式衛生紙,舒潔,濕式,$98,https://online.carrefour.com.tw/dw/image/v2/BFHC_PRD/on/demandware.static/-/Sites-carrefour-tw-m-inner/default/dwb45a4f88/images/large/0178850.jpeg?sw=300&bgcolor=FFFFFF
41,家樂福濕式衛生紙外出包-20PC,家樂福,濕式,$75,https://online.carrefour.com.tw/dw/image/v2/BFHC_PRD/on/demandware.static/-/Sites-carrefour-tw-m-inner/default/dwbc997658/images/large/0229146.jpeg?sw=300&bgcolor=FFFFFF
42,倍潔雅特級抽取式衛生紙-110抽,倍潔雅,抽取,$125,https://online.carrefour.com.tw/dw/image/v2/BFHC_PRD/on/demandware.static/-/Sites-carrefour-tw-m-inner/default/dw9339b35b/images/large/0271593.jpeg?sw=300&bgcolor=FFFFFF
43,舒適抽取式衛生紙(輕巧包)120PCx20包,舒適,抽取,$205,https://online.carrefour.com.tw/dw/image/v2/BFHC_PRD/on/demandware.static/-/Sites-carrefour-tw-m-inner/default/dwe231cd7f/images/large/0236515.jpeg?sw=300&bgcolor=FFFFFF
44,五月花新纖柔抽取衛生紙,五月花,抽取,$139,https://online.carrefour.com.tw/dw/image/v2/BFHC_PRD/on/demandware.static/-/Sites-carrefour-tw-m-inner/default/dw2fa15214/images/large/1220113300112.jpg?sw=300&bgcolor=FFFFFF
45,春風抽取衛生紙-110PC,春風,抽取,$120,https://online.carrefour.com.tw/dw/image/v2/BFHC_PRD/on/demandware.static/-/Sites-carrefour-tw-m-inner/default/dwc753bc12/images/large/0218402.jpeg?sw=300&bgcolor=FFFFFF
46,春風抽取衛生紙-110PC,春風,抽取,$840,https://online.carrefour.com.tw/dw/image/v2/BFHC_PRD/on/demandware.static/-/Sites-carrefour-tw-m-inner/default/dw6da88611/images/large/0218403.jpeg?sw=300&bgcolor=FFFFFF
47,春風柔膚感抽取式衛生紙-110PC,春風,抽取,$298,https://online.carrefour.com.tw/dw/image/v2/BFHC_PRD/on/demandware.static/-/Sites-carrefour-tw-m-inner/default/dw98cf0f2e/images/large/0007291.jpeg?sw=300&bgcolor=FFFFFF
48,春風柔膚感抽取式衛生紙-110PC,春風,抽取,$894,https://online.carrefour.com.tw/dw/image/v2/BFHC_PRD/on/demandware.static/-/Sites-carrefour-tw-m-inner/default/dw2926f8b9/images/large/0060221.jpeg?sw=300&bgcolor=FFFFFF
49,家樂福抽取式衛生紙-FSC-110PCx24包,家樂福,抽取,$807,https://online.carrefour.com.tw/dw/image/v2/BFHC_PRD/on/demandware.static/-/Sites-carrefour-tw-m-inner/default/dwd61ab754/images/large/0234244_-fsc-110x24.jpeg?sw=300&bgcolor=FFFFFF
50,倍潔雅柔軟舒適抽取衛生紙(150抽/包),舒適,抽取,$187,https://online.carrefour.com.tw/dw/image/v2/BFHC_PRD/on/demandware.static/-/Sites-carrefour-tw-m-inner/default/dw4af752b6/images/large/0216169.jpeg?sw=300&bgcolor=FFFFFF
51,五月花三層捲筒衛生紙-6捲,五月花,捲筒,"$1,888",https://online.carrefour.com.tw/dw/image/v2/BFHC_PRD/on/demandware.static/-/Sites-carrefour-tw-m-inner/default/dwf92b4e93/images/large/0239100_-200.jpeg?sw=300&bgcolor=FFFFFF
52,家樂福抽取式花紋衛生紙(FSC)130PCx12,家樂福,抽取,$139,https://online.carrefour.com.tw/dw/image/v2/BFHC_PRD/on/demandware.static/-/Sites-carrefour-tw-m-inner/default/dw193436fd/images/large/0234239_-fsc130x12.jpeg?sw=300&bgcolor=FFFFFF
53,家樂福抽取式花紋衛生紙(FSC)130PCx12包x6袋,家樂福,抽取,$834,https://online.carrefour.com.tw/dw/image/v2/BFHC_PRD/on/demandware.static/-/Sites-carrefour-tw-m-inner/default/dwaf87aea4/images/large/0234240_-fsc130x12.jpeg?sw=300&bgcolor=FFFFFF
54,家樂福抽取式衛生紙-過年版100PCx24包x4袋,家樂福,抽取,$756,https://online.carrefour.com.tw/dw/image/v2/BFHC_PRD/on/demandware.static/-/Sites-carrefour-tw-m-inner/default/dw8debd281/images/large/1220111500101.png?sw=300&bgcolor=FFFFFF
55,五月花三層捲筒衛生紙-6l捲,五月花,捲筒,$118,https://online.carrefour.com.tw/dw/image/v2/BFHC_PRD/on/demandware.static/-/Sites-carrefour-tw-m-inner/default/dw6fe026e5/images/large/0239099_-200.jpeg?sw=300&bgcolor=FFFFFF
56,唯潔雅潔淨柔感抽取式衛生紙-150PC,唯潔雅,抽取,$160,https://online.carrefour.com.tw/dw/image/v2/BFHC_PRD/on/demandware.static/-/Sites-carrefour-tw-m-inner/default/dw7ec9dddd/images/large/0224090.jpeg?sw=300&bgcolor=FFFFFF
57,家樂福抽取式花紋衛生紙-FSC-110PCx6包,家樂福,抽取,$690,https://online.carrefour.com.tw/dw/image/v2/BFHC_PRD/on/demandware.static/-/Sites-carrefour-tw-m-inner/default/dw72594744/images/large/0234234_-fsc-110x6.jpeg?sw=300&bgcolor=FFFFFF
58,春風柔韌感山茶花抽取衛生紙-110PC,春風,抽取,$161,https://online.carrefour.com.tw/dw/image/v2/BFHC_PRD/on/demandware.static/-/Sites-carrefour-tw-m-inner/default/dw0b726fc1/images/large/0174848.jpeg?sw=300&bgcolor=FFFFFF
59,家樂福超值捲筒式花紋衛生紙,家樂福,捲筒,$95,https://online.carrefour.com.tw/dw/image/v2/BFHC_PRD/on/demandware.static/-/Sites-carrefour-tw-m-inner/default/dwd9dc94a0/images/large/0207210.jpeg?sw=300&bgcolor=FFFFFF
60,家樂福超值捲筒式花紋衛生紙,家樂福,捲筒,$760,https://online.carrefour.com.tw/dw/image/v2/BFHC_PRD/on/demandware.static/-/Sites-carrefour-tw-m-inner/default/dw0fa416a2/images/large/0207211.jpeg?sw=300&bgcolor=FFFFFF
61,得意連續抽取衛生紙-大甲媽版,得意,抽取,$235,https://online.carrefour.com.tw/dw/image/v2/BFHC_PRD/on/demandware.static/-/Sites-carrefour-tw-m-inner/default/dwd944ece7/images/large/0199577_-.jpeg?sw=300&bgcolor=FFFFFF
62,春風山茶花精華抽取式衛生紙-100PC,春風,抽取,$807,https://online.carrefour.com.tw/dw/image/v2/BFHC_PRD/on/demandware.static/-/Sites-carrefour-tw-m-inner/default/dwb7b72abf/images/large/0201609.jpeg?sw=300&bgcolor=FFFFFF
63,春風山茶花精華抽取式衛生紙-100PC,春風,抽取,$269,https://online.carrefour.com.tw/dw/image/v2/BFHC_PRD/on/demandware.static/-/Sites-carrefour-tw-m-inner/default/dw634f093d/images/large/0201610.jpeg?sw=300&bgcolor=FFFFFF
64,舒潔迪士尼抽取衛生紙超值包,舒潔,抽取,$299,https://online.carrefour.com.tw/dw/image/v2/BFHC_PRD/on/demandware.static/-/Sites-carrefour-tw-m-inner/default/dw73107a61/images/large/0185918.jpeg?sw=300&bgcolor=FFFFFF
65,得意連續抽取衛生紙-大甲媽版,得意,抽取,$705,https://online.carrefour.com.tw/dw/image/v2/BFHC_PRD/on/demandware.static/-/Sites-carrefour-tw-m-inner/default/dw0ac11034/images/large/0206155_-.jpeg?sw=300&bgcolor=FFFFFF
66,家樂福超值平版式花紋衛生紙-300PC,家樂福,平版,$89,https://online.carrefour.com.tw/dw/image/v2/BFHC_PRD/on/demandware.static/-/Sites-carrefour-tw-m-inner/default/dw46b0fe06/images/large/0207262.jpeg?sw=300&bgcolor=FFFFFF
67,家樂福超值平版式花紋衛生紙-300PC,家樂福,平版,$534,https://online.carrefour.com.tw/dw/image/v2/BFHC_PRD/on/demandware.static/-/Sites-carrefour-tw-m-inner/default/dwd5364b1d/images/large/0210461.jpeg?sw=300&bgcolor=FFFFFF
68,【家樂福省更多】家樂福優質三層抽取式衛生紙 100抽x24包/袋,家樂福,抽取,$329,https://online.carrefour.com.tw/dw/image/v2/BFHC_PRD/on/demandware.static/-/Sites-carrefour-tw-m-inner/default/dw81b3ca2e/images/large/0180502.jpeg?sw=300&bgcolor=FFFFFF
69,五月花蓬厚柔三層抽取衛生紙110PC,五月花,抽取,$439,https://online.carrefour.com.tw/dw/image/v2/BFHC_PRD/on/demandware.static/-/Sites-carrefour-tw-m-inner/default/dwca8f51b5/images/large/0238361.jpeg?sw=300&bgcolor=FFFFFF
70,舒潔 喀什米爾 4層抽取衛生紙乳木果精華-90PC(即日起-3/31 箱購活動請下6件只要1199元/不得併用折價券/折扣碼),舒潔,抽取,$310,https://online.carrefour.com.tw/dw/image/v2/BFHC_PRD/on/demandware.static/-/Sites-carrefour-tw-m-inner/default/dw237b265e/images/large/0257621_490.png?sw=300&bgcolor=FFFFFF
71,舒潔絲柔乳液抽取衛生紙超值包-100PCx30包,舒潔,抽取,$399,https://online.carrefour.com.tw/dw/image/v2/BFHC_PRD/on/demandware.static/-/Sites-carrefour-tw-m-inner/default/dw0c71184c/images/large/0178420.jpeg?sw=300&bgcolor=FFFFFF
72,舒潔棉柔舒適捲筒衛生紙300PCx12,舒潔,捲筒,$239,https://online.carrefour.com.tw/dw/image/v2/BFHC_PRD/on/demandware.static/-/Sites-carrefour-tw-m-inner/default/dweef1c5b2/images/large/1220204900101.jpg?sw=300&bgcolor=FFFFFF
73,舒潔兒童學習專用濕式衛生紙40抽,舒潔,濕式,$98,https://online.carrefour.com.tw/dw/image/v2/BFHC_PRD/on/demandware.static/-/Sites-carrefour-tw-m-inner/default/dw00f469dd/images/large/0241397_40.jpeg?sw=300&bgcolor=FFFFFF
74,舒潔特級膚觸抽取衛生紙 90抽6包,舒潔,抽取,$99,https://online.carrefour.com.tw/dw/image/v2/BFHC_PRD/on/demandware.static/-/Sites-carrefour-tw-m-inner/default/dwf44a4cc7/images/large/1220115100101.jpg?sw=300&bgcolor=FFFFFF
75,舒潔喀什米爾4層衛生紙86抽4包,舒潔,,$85,https://online.carrefour.com.tw/dw/image/v2/BFHC_PRD/on/demandware.static/-/Sites-carrefour-tw-m-inner/default/dw6150bf43/images/large/1220110200101.jpg?sw=300&bgcolor=FFFFFF
76,家樂福環保抽取式衛生紙-100PCX12,家樂福,抽取,$115,https://online.carrefour.com.tw/dw/image/v2/BFHC_PRD/on/demandware.static/-/Sites-carrefour-tw-m-inner/default/dw2202f6d8/images/large/0251888_-100x12.jpeg?sw=300&bgcolor=FFFFFF
77,唯潔雅抽取式衛生紙(平安福)90PCx14,唯潔雅,抽取,$142,https://online.carrefour.com.tw/dw/image/v2/BFHC_PRD/on/demandware.static/-/Sites-carrefour-tw-m-inner/default/dwe5a84209/images/large/1220108800101.jpg?sw=300&bgcolor=FFFFFF
78,五月花舒敏厚棒抽取式衛生紙86PC,五月花,抽取,$245,https://online.carrefour.com.tw/dw/image/v2/BFHC_PRD/on/demandware.static/-/Sites-carrefour-tw-m-inner/default/dwa1e94795/images/large/0275018_8610.jpeg?sw=300&bgcolor=FFFFFF
79,可麗舒豆卡聯名抽取衛生紙90抽6包(即日起-3/31 箱購活動請下12件只要779元/不得併用折價券/折扣碼),可麗舒,抽取,$69,https://online.carrefour.com.tw/dw/image/v2/BFHC_PRD/on/demandware.static/-/Sites-carrefour-tw-m-inner/default/dw1c39c09f/images/large/1220104500101.png?sw=300&bgcolor=FFFFFF
80,五月花角落小夥伴衛生紙(FSC驗證)100PCx24,五月花,,$315,https://online.carrefour.com.tw/dw/image/v2/BFHC_PRD/on/demandware.static/-/Sites-carrefour-tw-m-inner/default/dw5a35357b/images/large/0275043_fsc100.jpeg?sw=300&bgcolor=FFFFFF
81,家樂福超值連續抽取式花紋衛生紙輕巧包120抽,家樂福,抽取,$168,https://online.carrefour.com.tw/dw/image/v2/BFHC_PRD/on/demandware.static/-/Sites-carrefour-tw-m-inner/default/dw8b2eed17/images/large/0203814.jpeg?sw=300&bgcolor=FFFFFF
82,【汽車百貨】YAC飲料紙巾多用途垃圾桶,,紙巾,$399,https://online.carrefour.com.tw/dw/image/v2/BFHC_PRD/on/demandware.static/-/Sites-carrefour-tw-m-inner/default/dwf139c6a5/images/large/35542007001-1.jpg?sw=300&bgcolor=FFFFFF
83,五月花聰明萬用紙巾-120PC,五月花,紙巾,$88,https://online.carrefour.com.tw/dw/image/v2/BFHC_PRD/on/demandware.static/-/Sites-carrefour-tw-m-inner/default/dw850f3838/images/large/0238358.jpeg?sw=300&bgcolor=FFFFFF
84,五月花聰明萬用紙巾-120PC,五月花,紙巾,$474,https://online.carrefour.com.tw/dw/image/v2/BFHC_PRD/on/demandware.static/-/Sites-carrefour-tw-m-inner/default/dwa50c0bd3/images/large/0238359.jpeg?sw=300&bgcolor=FFFFFF
85,家樂福超值單抽式柔紙巾,家樂福,紙巾,$99,https://online.carrefour.com.tw/dw/image/v2/BFHC_PRD/on/demandware.static/-/Sites-carrefour-tw-m-inner/default/dw39342d0a/images/large/0181871.jpeg?sw=300&bgcolor=FFFFFF
86,家樂福超值單抽式柔紙巾,家樂福,紙巾,$594,https://online.carrefour.com.tw/dw/image/v2/BFHC_PRD/on/demandware.static/-/Sites-carrefour-tw-m-inner/default/dw70267447/images/large/0090888.jpeg?sw=300&bgcolor=FFFFFF
87,春風抽取式廚房紙巾120PCx3包x8袋,春風,抽取,$632,https://online.carrefour.com.tw/dw/image/v2/BFHC_PRD/on/demandware.static/-/Sites-carrefour-tw-m-inner/default/dw0a08a374/images/large/1222100900101.jpg?sw=300&bgcolor=FFFFFF
88,得意廚房紙巾-70PCx6捲x8包,得意,紙巾,$552,https://online.carrefour.com.tw/dw/image/v2/BFHC_PRD/on/demandware.static/-/Sites-carrefour-tw-m-inner/default/dwf3cb91cb/images/large/0195425.jpeg?sw=300&bgcolor=FFFFFF
89,倍潔雅好韌真3層抽取式PEFC,倍潔雅,抽取,$259,https://online.carrefour.com.tw/dw/image/v2/BFHC_PRD/on/demandware.static/-/Sites-carrefour-tw-m-inner/default/dwb49ea2a5/images/large/1220102800101.jpg?sw=300&bgcolor=FFFFFF
90,倍潔雅好韌真Plus3層抽取茶樹精油抑菌,倍潔雅,抽取,$249,https://online.carrefour.com.tw/dw/image/v2/BFHC_PRD/on/demandware.static/-/Sites-carrefour-tw-m-inner/default/dw85894c16/images/large/1220105400101.jpg?sw=300&bgcolor=FFFFFF
91,春風平版衛生紙-300PC張,春風,平版,$684,https://online.carrefour.com.tw/dw/image/v2/BFHC_PRD/on/demandware.static/-/Sites-carrefour-tw-m-inner/default/dwa9bb8afd/images/large/0099562.jpeg?sw=300&bgcolor=FFFFFF
92,春風濕拭衛生紙40PCx3包,春風,,"$1,704",https://online.carrefour.com.tw/dw/image/v2/BFHC_PRD/on/demandware.static/-/Sites-carrefour-tw-m-inner/default/dw487743d5/images/large/0263874.jpeg?sw=300&bgcolor=FFFFFF
93,簡約木蓋衛生紙盒,,,$189,https://online.carrefour.com.tw/dw/image/v2/BFHC_PRD/on/demandware.static/-/Sites-carrefour-tw-m-inner/default/dw3d57bf92/images/large/31704048001001-1.jpg?sw=300&bgcolor=FFFFFF
94,簡約木蓋衛生紙盒,,,$189,https://online.carrefour.com.tw/dw/image/v2/BFHC_PRD/on/demandware.static/-/Sites-carrefour-tw-m-inner/default/dwa72372ee/images/large/31704048003001-1.jpg?sw=300&bgcolor=FFFFFF
95,浴室水晶抽取衛生紙盒,,抽取,$249,https://online.carrefour.com.tw/dw/image/v2/BFHC_PRD/on/demandware.static/-/Sites-carrefour-tw-m-inner/default/dwdacb79a0/images/large/0209722.jpeg?sw=300&bgcolor=FFFFFF
96,家樂福濕式衛生紙,家樂福,濕式,$119,https://online.carrefour.com.tw/dw/image/v2/BFHC_PRD/on/demandware.static/-/Sites-carrefour-tw-m-inner/default/dw31d7a505/images/large/0232145.jpeg?sw=300&bgcolor=FFFFFF
97,舒潔濕式衛生紙外出包,舒潔,濕式,$98,https://online.carrefour.com.tw/dw/image/v2/BFHC_PRD/on/demandware.static/-/Sites-carrefour-tw-m-inner/default/dwb9c20db4/images/large/0041367.jpeg?sw=300&bgcolor=FFFFFF
98,舒潔女性專用濕式衛生紙40PC,舒潔,濕式,$129,https://online.carrefour.com.tw/dw/image/v2/BFHC_PRD/on/demandware.static/-/Sites-carrefour-tw-m-inner/default/dw40692b2d/images/large/0265768.jpeg?sw=300&bgcolor=FFFFFF
99,工業風貨櫃造型衛生紙盒,,,$189,https://online.carrefour.com.tw/dw/image/v2/BFHC_PRD/on/demandware.static/-/Sites-carrefour-tw-m-inner/default/dw82b29aee/images/large/0255554.jpeg?sw=300&bgcolor=FFFFFF
100,工業風貨櫃造型衛生紙盒,,,$189,https://online.carrefour.com.tw/dw/image/v2/BFHC_PRD/on/demandware.static/-/Sites-carrefour-tw-m-inner/default/dw51eb2102/images/large/0255553.jpeg?sw=300&bgcolor=FFFFFF
101,工業風貨櫃造型衛生紙盒,,,$189,https://online.carrefour.com.tw/dw/image/v2/BFHC_PRD/on/demandware.static/-/Sites-carrefour-tw-m-inner/default/dw715a5a36/images/large/0255552.jpeg?sw=300&bgcolor=FFFFFF
102,家而適捲筒衛生紙放置架,,捲筒,$199,https://online.carrefour.com.tw/dw/image/v2/BFHC_PRD/on/demandware.static/-/Sites-carrefour-tw-m-inner/default/dwb3e49737/images/large/0205802.jpeg?sw=300&bgcolor=FFFFFF
103,家而適抽取衛生紙放置架,,抽取,$459,https://online.carrefour.com.tw/dw/image/v2/BFHC_PRD/on/demandware.static/-/Sites-carrefour-tw-m-inner/default/dw0545791b/images/large/0205799.jpeg?sw=300&bgcolor=FFFFFF
104,3M無痕防水抽取式衛生紙架,,抽取,$459,https://online.carrefour.com.tw/dw/image/v2/BFHC_PRD/on/demandware.static/-/Sites-carrefour-tw-m-inner/default/dw4c104a68/images/large/0233473_3m.jpeg?sw=300&bgcolor=FFFFFF
105,舒潔濕式衛生紙贈品超值組40PCx7,舒潔,濕式,$359,https://online.carrefour.com.tw/dw/image/v2/BFHC_PRD/on/demandware.static/-/Sites-carrefour-tw-m-inner/default/dw202c074c/images/large/0274399.jpeg?sw=300&bgcolor=FFFFFF
106,【DIY】隨意貼無痕壁掛衛生紙架,,,$120,https://online.carrefour.com.tw/dw/image/v2/BFHC_PRD/on/demandware.static/-/Sites-carrefour-tw-m-inner/default/dw877792db/images/large/0128540_sa02.jpeg?sw=300&bgcolor=FFFFFF
107,家而適多功能抽取式衛生紙架,,抽取,$479,https://online.carrefour.com.tw/dw/image/v2/BFHC_PRD/on/demandware.static/-/Sites-carrefour-tw-m-inner/default/dwc7b625cf/images/large/0205861.jpeg?sw=300&bgcolor=FFFFFF
108,春風柔韌感抽取衛生紙110PCx12x6袋,春風,抽取,$858,https://online.carrefour.com.tw/dw/image/v2/BFHC_PRD/on/demandware.static/-/Sites-carrefour-tw-m-inner/default/dw8e257ef5/images/large/0245769.jpeg?sw=300&bgcolor=FFFFFF
109,春風柔韌感抽取衛生紙110PCx12,春風,抽取,$143,https://online.carrefour.com.tw/dw/image/v2/BFHC_PRD/on/demandware.static/-/Sites-carrefour-tw-m-inner/default/dw4fb71b72/images/large/0245767.jpeg?sw=300&bgcolor=FFFFFF
110,3M無痕防水收納配件組-雙鉤背板,,,$119,https://online.carrefour.com.tw/dw/image/v2/BFHC_PRD/on/demandware.static/-/Sites-carrefour-tw-m-inner/default/dw9a89661a/images/large/0112751_3m-.jpeg?sw=300&bgcolor=FFFFFF
111,【汽車百貨】YARK車用椅背收納袋,,,$399,https://online.carrefour.com.tw/dw/image/v2/BFHC_PRD/on/demandware.static/-/Sites-carrefour-tw-m-inner/default/dwc0468959/images/large/0248534_yark.png?sw=300&bgcolor=FFFFFF
112,【汽車百貨】車用錢包收納袋,,,$218,https://online.carrefour.com.tw/dw/image/v2/BFHC_PRD/on/demandware.static/-/Sites-carrefour-tw-m-inner/default/dw428c4bc0/images/large/0254643.jpeg?sw=300&bgcolor=FFFFFF
113,威猛先生可沖式清新潔廁刷補充包,,,$99,https://online.carrefour.com.tw/dw/image/v2/BFHC_PRD/on/demandware.static/-/Sites-carrefour-tw-m-inner/default/dw90220db5/images/large/0273676.jpeg?sw=300&bgcolor=FFFFFF
114,威猛先生可沖式清新潔廁刷,,,$99,https://online.carrefour.com.tw/dw/image/v2/BFHC_PRD/on/demandware.static/-/Sites-carrefour-tw-m-inner/default/dw29fc6aa4/images/large/0273675.jpeg?sw=300&bgcolor=FFFFFF
115,【汽車百貨】YARK車內多功能收納袋,,,$499,https://online.carrefour.com.tw/dw/image/v2/BFHC_PRD/on/demandware.static/-/Sites-carrefour-tw-m-inner/default/dwc5ce11bb/images/large/35543029001-1.jpg?sw=300&bgcolor=FFFFFF
116,倍潔雅抽取衛生紙,倍潔雅,抽取,$78,https://online.carrefour.com.tw/dw/image/v2/BFHC_PRD/on/demandware.static/-/Sites-carrefour-tw-m-inner/default/dw1b14911a/images/large/0172807.jpeg?sw=300&bgcolor=FFFFFF
117,倍潔雅抽取衛生紙,倍潔雅,抽取,$936,https://online.carrefour.com.tw/dw/image/v2/BFHC_PRD/on/demandware.static/-/Sites-carrefour-tw-m-inner/default/dw595ade71/images/large/0217334.jpeg?sw=300&bgcolor=FFFFFF
118,百吉牌平版衛生紙-300PC,百吉,平版,$558,https://online.carrefour.com.tw/dw/image/v2/BFHC_PRD/on/demandware.static/-/Sites-carrefour-tw-m-inner/default/dw86dae75c/images/large/0096160.jpeg?sw=300&bgcolor=FFFFFF
119,百吉牌平版衛生紙-300PC,百吉,平版,$93,https://online.carrefour.com.tw/dw/image/v2/BFHC_PRD/on/demandware.static/-/Sites-carrefour-tw-m-inner/default/dw44c7e28b/images/large/0007262.jpeg?sw=300&bgcolor=FFFFFF
120,蒲公英環保抽取衛生紙-100PC,蒲公英,抽取,$123,https://online.carrefour.com.tw/dw/image/v2/BFHC_PRD/on/demandware.static/-/Sites-carrefour-tw-m-inner/default/dw9ffb2df9/images/large/0187826.jpeg?sw=300&bgcolor=FFFFFF
121,蒲公英環保抽取衛生紙,蒲公英,抽取,$738,https://online.carrefour.com.tw/dw/image/v2/BFHC_PRD/on/demandware.static/-/Sites-carrefour-tw-m-inner/default/dw648a836c/images/large/0060220.jpeg?sw=300&bgcolor=FFFFFF
122,唯潔雅輕巧萬用抽取式衛生紙120PC,唯潔雅,抽取,$225,https://online.carrefour.com.tw/dw/image/v2/BFHC_PRD/on/demandware.static/-/Sites-carrefour-tw-m-inner/default/dw66263392/images/large/0266532.jpeg?sw=300&bgcolor=FFFFFF
123,"可麗舒抽取衛生紙100PCx24包x3袋(限量加量包裝數量有限出完為止,請以實際到貨包裝為主)",可麗舒,抽取,$717,https://online.carrefour.com.tw/dw/image/v2/BFHC_PRD/on/demandware.static/-/Sites-carrefour-tw-m-inner/default/dwefbd5b49/images/large/15020619348883.jpg?sw=300&bgcolor=FFFFFF
124,"可麗舒抽取衛生紙100PCx24(限量加量包裝數量有限出完為止,請以實際到貨包裝為主)",可麗舒,抽取,$245,https://online.carrefour.com.tw/dw/image/v2/BFHC_PRD/on/demandware.static/-/Sites-carrefour-tw-m-inner/default/dwefbd5b49/images/large/15020619348883.jpg?sw=300&bgcolor=FFFFFF
125,家樂福環保捲筒衛生紙,家樂福,捲筒,$270,https://online.carrefour.com.tw/dw/image/v2/BFHC_PRD/on/demandware.static/-/Sites-carrefour-tw-m-inner/default/dw2a1cd208/images/large/0253540.jpeg?sw=300&bgcolor=FFFFFF
126,家樂福環保捲筒衛生紙,家樂福,捲筒,$45,https://online.carrefour.com.tw/dw/image/v2/BFHC_PRD/on/demandware.static/-/Sites-carrefour-tw-m-inner/default/dwd1931e30/images/large/0253541.jpeg?sw=300&bgcolor=FFFFFF
127,春風小超人袖珍包衛生紙,春風,,$75,https://online.carrefour.com.tw/dw/image/v2/BFHC_PRD/on/demandware.static/-/Sites-carrefour-tw-m-inner/default/dw5ed07868/images/large/0188639.jpeg?sw=300&bgcolor=FFFFFF
128,家樂福捲筒式花紋衛生紙-12捲,家樂福,捲筒,$880,https://online.carrefour.com.tw/dw/image/v2/BFHC_PRD/on/demandware.static/-/Sites-carrefour-tw-m-inner/default/dw67db56bc/images/large/0255932.jpeg?sw=300&bgcolor=FFFFFF
129,家樂福捲筒式花紋衛生紙-12捲,家樂福,捲筒,$110,https://online.carrefour.com.tw/dw/image/v2/BFHC_PRD/on/demandware.static/-/Sites-carrefour-tw-m-inner/default/dwb0f13267/images/large/0255930.jpeg?sw=300&bgcolor=FFFFFF
130,家樂福大捲筒縐紋衛生紙,家樂福,捲筒,$179,https://online.carrefour.com.tw/dw/image/v2/BFHC_PRD/on/demandware.static/-/Sites-carrefour-tw-m-inner/default/dwff3cc761/images/large/0198991.jpeg?sw=300&bgcolor=FFFFFF
131,可麗舒櫻花柔選抽取衛生紙,可麗舒,抽取,$393,https://online.carrefour.com.tw/dw/image/v2/BFHC_PRD/on/demandware.static/-/Sites-carrefour-tw-m-inner/default/dw58bdb93a/images/large/0205924.jpeg?sw=300&bgcolor=FFFFFF
132,家樂福三層抽取式衛生紙-PEFC-100PCx6,家樂福,抽取,$69,https://online.carrefour.com.tw/dw/image/v2/BFHC_PRD/on/demandware.static/-/Sites-carrefour-tw-m-inner/default/dwea042aac/images/large/0266513_-efc.png?sw=300&bgcolor=FFFFFF
133,舒潔金盞花抽取衛生紙90抽,舒潔,抽取,$135,https://online.carrefour.com.tw/dw/image/v2/BFHC_PRD/on/demandware.static/-/Sites-carrefour-tw-m-inner/default/dw9a12696f/images/large/1220114800108_.jpg?sw=300&bgcolor=FFFFFF
134,得意連續抽取式花紋衛生紙-100PC,得意,抽取,$235,https://online.carrefour.com.tw/dw/image/v2/BFHC_PRD/on/demandware.static/-/Sites-carrefour-tw-m-inner/default/dwc96f19b8/images/large/0201599.jpeg?sw=300&bgcolor=FFFFFF
135,得意連續抽取式花紋衛生紙-100PC,得意,抽取,$705,https://online.carrefour.com.tw/dw/image/v2/BFHC_PRD/on/demandware.static/-/Sites-carrefour-tw-m-inner/default/dw34b82c3d/images/large/0201600.jpeg?sw=300&bgcolor=FFFFFF
136,舒潔三層竹萃抽取衛生紙90抽,舒潔,抽取,$159,https://online.carrefour.com.tw/dw/image/v2/BFHC_PRD/on/demandware.static/-/Sites-carrefour-tw-m-inner/default/dwd365f1e7/images/large/1220113400106_.jpg?sw=300&bgcolor=FFFFFF
137,舒潔歡樂炫彩抽取衛生紙-120PC,舒潔,抽取,$179,https://online.carrefour.com.tw/dw/image/v2/BFHC_PRD/on/demandware.static/-/Sites-carrefour-tw-m-inner/default/dw53a114d7/images/large/0255559_120.png?sw=300&bgcolor=FFFFFF
138,舒潔三層竹炭萃取抽取衛生紙-94PC,舒潔,抽取,$365,https://online.carrefour.com.tw/dw/image/v2/BFHC_PRD/on/demandware.static/-/Sites-carrefour-tw-m-inner/default/dwad02f1ff/images/large/0231398.jpeg?sw=300&bgcolor=FFFFFF
139,春風黃阿瑪卡通版抽取式衛生紙-100PC,春風,抽取,$248,https://online.carrefour.com.tw/dw/image/v2/BFHC_PRD/on/demandware.static/-/Sites-carrefour-tw-m-inner/default/dwa36de501/images/large/0247844.jpeg?sw=300&bgcolor=FFFFFF
140,舒潔羽絨經濟抽取衛生紙(100抽x12包),舒潔,抽取,$278,https://online.carrefour.com.tw/dw/image/v2/BFHC_PRD/on/demandware.static/-/Sites-carrefour-tw-m-inner/default/dw6563074f/images/large/1220115500101.jpg?sw=300&bgcolor=FFFFFF
141,五月花舒敏厚棒抽取式衛生紙86抽4包,五月花,抽取,$84,https://online.carrefour.com.tw/dw/image/v2/BFHC_PRD/on/demandware.static/-/Sites-carrefour-tw-m-inner/default/dw76d38473/images/large/1220115300101.jpg?sw=300&bgcolor=FFFFFF
142,春風Sillace頂級絲柔乳霜果仁油抽取衛生紙-110抽,春風,抽取,$199,https://online.carrefour.com.tw/dw/image/v2/BFHC_PRD/on/demandware.static/-/Sites-carrefour-tw-m-inner/default/dw1fe7ccbf/images/large/0175058_sillace.jpeg?sw=300&bgcolor=FFFFFF
143,春風Sillace頂級絲柔乳霜果仁油抽取衛生紙-110PC,春風,抽取,"$1,194",https://online.carrefour.com.tw/dw/image/v2/BFHC_PRD/on/demandware.static/-/Sites-carrefour-tw-m-inner/default/dwf4abc8ad/images/large/0206159_sillace.jpeg?sw=300&bgcolor=FFFFFF
144,倍潔雅柔拭萬用紙巾-120PC抽,倍潔雅,紙巾,$167,https://online.carrefour.com.tw/dw/image/v2/BFHC_PRD/on/demandware.static/-/Sites-carrefour-tw-m-inner/default/dwffc19a6f/images/large/0007290.jpeg?sw=300&bgcolor=FFFFFF
145,倍潔雅柔拭萬用紙巾-120PC抽,倍潔雅,紙巾,$668,https://online.carrefour.com.tw/dw/image/v2/BFHC_PRD/on/demandware.static/-/Sites-carrefour-tw-m-inner/default/dw9f635f40/images/large/0238708.jpeg?sw=300&bgcolor=FFFFFF
146,五月花雪絨柔感抽取-100PCx30包,五月花,抽取,$375,https://online.carrefour.com.tw/dw/image/v2/BFHC_PRD/on/demandware.static/-/Sites-carrefour-tw-m-inner/default/dwb7950a31/images/large/0249497_100.jpeg?sw=300&bgcolor=FFFFFF
147,平板式衛生紙盒,,,$179,https://online.carrefour.com.tw/dw/image/v2/BFHC_PRD/on/demandware.static/-/Sites-carrefour-tw-m-inner/default/dw8739d1f6/images/large/0141619.jpeg?sw=300&bgcolor=FFFFFF
148,簡約木蓋衛生紙盒,,,$189,https://online.carrefour.com.tw/dw/image/v2/BFHC_PRD/on/demandware.static/-/Sites-carrefour-tw-m-inner/default/dw05280058/images/large/31704048002001-1.jpg?sw=300&bgcolor=FFFFFF
149,春風小超人袖珍包衛生紙9PCx30包x20袋,春風,,"$1,500",https://online.carrefour.com.tw/dw/image/v2/BFHC_PRD/on/demandware.static/-/Sites-carrefour-tw-m-inner/default/dw62b8f90a/images/large/0222502.jpeg?sw=300&bgcolor=FFFFFF
